{"global_step": 721, "_timestamp": 1707226651.8396862, "train/loss": 8.9140625, "train/lr": 4.9984089855570346e-05, "_runtime": 1718.5134332180023, "_step": 721}