{"global_step": 3, "_timestamp": 1707224766.9458857, "train/loss": 7.481201171875, "train/lr": 8.196721523745509e-07, "_runtime": 81.06427264213562, "_step": 3}