{"global_step": 5, "_timestamp": 1707220906.170605, "train/loss": 8.5535888671875, "train/lr": 1.1666666978271678e-05, "_runtime": 343.8724329471588, "_step": 5, "_wandb": {"runtime": 444}}