{"global_step": 77, "_timestamp": 1707224568.0158925, "train/loss": 8.88671875, "train/lr": 6.422764272429049e-05, "_runtime": 721.1460266113281, "_step": 77, "_wandb": {"runtime": 731}}