{"global_step": 64, "_timestamp": 1707223591.5144067, "train/loss": 8.2122802734375, "train/lr": 4.990576780983247e-05, "_runtime": 2371.092088699341, "_step": 64, "_wandb": {"runtime": 2406}}